{
  "left_kan": {
    "soft_f1": {
      "mean": 0.028581216691366852,
      "std": 0.032490760318405545
    },
    "soft_precision": {
      "mean": 0.03804577472619712,
      "std": 0.04180624058279003
    },
    "soft_recall": {
      "mean": 0.025326415663585067,
      "std": 0.0296569080443928
    },
    "hungarian_f1": {
      "mean": 0.11389401051492257,
      "std": 0.1138371775877681
    }
  },
  "right_kan": {
    "soft_f1": {
      "mean": 0.00312932129728099,
      "std": 0.009894353503013625
    },
    "soft_precision": {
      "mean": 0.00741925910115242,
      "std": 0.02303671911932127
    },
    "soft_recall": {
      "mean": 0.0019891950301826,
      "std": 0.0063279993838276155
    },
    "hungarian_f1": {
      "mean": 0.013510626811585755,
      "std": 0.041587888207519665
    }
  },
  "naive_rag": {
    "soft_f1": {
      "mean": 0.03137067396461038,
      "std": 0.02445704287602033
    },
    "soft_precision": {
      "mean": 0.030543023586506023,
      "std": 0.02341350839191218
    },
    "soft_recall": {
      "mean": 0.03375658213044517,
      "std": 0.027332802582914567
    },
    "hungarian_f1": {
      "mean": 0.13505055654176887,
      "std": 0.08622560795620099
    }
  }
}