{
  "soft_left_kan": {
    "soft_f1": {
      "mean": 0.027386584699848105,
      "std": 0.021145862302443013
    },
    "soft_precision": {
      "mean": 0.023606881842715664,
      "std": 0.01815908806786437
    },
    "soft_recall": {
      "mean": 0.03585176779306494,
      "std": 0.02763836401047618
    },
    "hungarian_f1": {
      "mean": 0.1008326917154895,
      "std": 0.062030085382861914
    }
  },
  "soft_right_kan": {
    "soft_f1": {
      "mean": 0.0,
      "std": 0.0
    },
    "soft_precision": {
      "mean": 0.0,
      "std": 0.0
    },
    "soft_recall": {
      "mean": 0.0,
      "std": 0.0
    },
    "hungarian_f1": {
      "mean": 0.0,
      "std": 0.0
    }
  }
}